user,hold_time,flight_time,anomaly_score
user1,0.12,0.08,-0.057399163648845564
user1,0.15,0.1,-0.157687500610307
user1,0.12,0.08,-0.057399163648845564
user1,0.15,0.1,-0.157687500610307
user1,0.12,0.08,-0.057399163648845564
user1,0.15,0.1,-0.157687500610307
user1,0.12,0.08,-0.057399163648845564
user1,0.15,0.1,-0.157687500610307
user1,120.5,80.3,0.1430198482385462
user1,115.2,82.1,0.1430198482385462
user1,120.5,80.3,0.1430198482385462
user1,115.2,82.1,0.1430198482385462
